feature	group	avgExpr	logFC	statistic	auc	pval	padj	pct_in	pct_out
S100a6	0	0.11957982602602588	-1.835793143598593	27499840.5	0.15718008029628125	0	0	6.234344558864459	72.74818252762148
Lef1	0	1.3826896052706983	0.8424939258441067	135266538	0.77313922254349	0	0	82.28499860840523	39.770813652606066
Jun	0	2.4958523616822563	0.9029321361769513	122247744.5	0.6987280634063777	0	0	92.62454773170052	67.16227872017086
Nkg7	0	1.5186596770140093	-1.4950065540953426	21748896.5	0.12430956820369596	0	0	82.03451155023657	96.31576785640942
Ccl5	0	0.41990715605426726	-4.142971892981589	14051184.5	0.08031196791733619	0	0	14.542165321458391	89.2019550663326
Ccl4	0	0.033920434089326656	-0.9948427276555736	53966514	0.30845491645052947	0	0	2.337879209574172	40.128147204994455
Igfbp4	0	0.9392983980669093	0.8343921640659315	130488626	0.745830242631095	0	0	55.413303645978296	6.772908366533864
Ctla2a	0	0.11041313645696947	-1.1661508297258791	35409683	0.20239014903398678	0	0	8.335652657946007	64.88684437507702
Gzmk	0	0.008718924254313181	-0.8494040310554478	54730296	0.3128204441738213	0	0	0.4870581686612858	37.84860557768924
Rgcc	0	1.2078587467770923	0.8991898914875754	134601950	0.7693406552316562	0	0	71.37489563039243	22.162894812502568
Il2rb	0	0.37756722182597746	-0.8763811336051291	41269048	0.23588036004758228	0	0	30.43417756749235	70.8095453238592
Lgals1	0	0.35830855484211355	-1.1507191394589942	41648133.5	0.2380470885902135	0	0	25.81408293904815	67.73319094755
AW112010	0	1.477705063270402	-1.0337791086969061	39606306	0.22637667143266108	0	0	83.5652657946006	93.83907668295889
Itga4	1	0.08401666886372001	-0.8660845473860986	43472531.5	0.2626605558876367	0	0	7.38123872519543	52.46975603874442
Gzmm	1	1.0478777308236107	0.8779288715566899	127632821	0.7711560968876917	0	0	64.6873120865905	10.497970338812749
Ly6c2	1	2.928940064894895	1.9003240306721887	141716758.5	0.8562510919384568	0	0	99.14311485267588	40.99915598247659
Gm26917	1	2.064080707184635	0.8288730379016127	119513220	0.7220975571924405	0	0	95.3547805171377	64.0930830754391
Cox5b	11	2.212271483334114	0.8564782535086879	24241942.5	0.821813135887982	7.569826742545997e-257	5.166846857993605e-255	97.09844559585493	79.41965454069614
Rpl37a	11	3.094936412447079	-0.8866690012650227	3376214.5	0.1144552432494003	0	0	99.48186528497409	99.62378958387856
Ptma	11	3.795691871154533	1.4206373625337627	28937166.5	0.9809834152142577	0	0	100	94.65126930123004
Dbi	11	1.5035423571667101	1.02209734648222	24815364	0.8412523916778425	0	0	90.0518134715026	37.85003925673907
Mcm6	11	1.05804810581018	0.8288220901664307	23586487	0.799592889309556	0	0	75.12953367875647	19.026432870976183
Nucks1	11	1.6189121617424396	1.0619281658784936	25187773.5	0.853877247092357	0	0	94.50777202072538	42.92724417691704
Snrpe	11	2.059334620360168	0.8442721523043322	24274718	0.8229242405956718	4.531551564476824e-260	3.14626112385235e-258	96.06217616580311	75.46126668411411
Cenpf	11	0.9016047480541726	0.8981156169618091	23974886.5	0.8127598131677545	0	0	62.7979274611399	0.26498298874640147
Tubb4b	11	1.876119724553213	0.9849934407555991	23744298	0.8049427556739209	1.1151381921849902e-244	7.273179097917659e-243	93.57512953367876	58.80332373724156
Atp5g3	11	2.4507348675262577	0.9849988941019261	25453261.5	0.8628774138826474	0	0	97.82383419689118	82.96911803192882
Hnrnpa3	11	2.206953660594042	0.882844678701258	24460987	0.8292388464078388	3.5397986162436716e-269	2.5681437825938635e-267	97.40932642487047	78.09473959696415
Selenoh	11	1.3029646128583177	0.8908943709753476	24188640.5	0.8200061732747714	0	0	85.80310880829015	34.101020675215906
Nusap1	11	0.8237725690325497	0.8205931820867683	24356649	0.8257017396362887	0	0	65.38860103626943	0.2518974090552211
Dut	11	1.9162776602522287	1.6197362027293587	27367135.5	0.9277586334315543	0	0	93.16062176165804	24.231222193143157
Pcna	11	1.425205913998878	0.8854936073731913	23351204	0.7916166860803333	1.3107628026747548e-256	8.927843266741448e-255	86.01036269430051	41.69392829102329
Tpx2	11	0.9951701790012603	0.9884435191184543	25787533.5	0.8742093902933475	0	0	75.33678756476684	0.5463229521067784
Ube2c	11	1.6208605625818753	1.5984174609061153	26501956.5	0.8984286625723944	0	0	80.72538860103627	1.681496990316671
Rps21	11	2.5514908834110614	-1.0706642295035818	3069185	0.10404680027066132	0	0	97.51295336787564	98.84846898717613
Ccna2	11	1.1047753118099932	1.1016735712101162	26426183.5	0.8958599225984571	0	0	79.37823834196891	0.26825438366919657
Smc4	11	1.6126561498807064	1.0286556315140918	24364518.5	0.8259685193497077	0	0	90.98445595854923	42.017796388380006
Cks1b	11	1.3399222166875635	1.2976778208885267	27101587.5	0.9187564326133326	0	0	85.80310880829015	3.8209892698246533
Rps27	11	2.4691138097051066	-1.4075789465267445	1846834	0.0626085323403661	0	0	97.40932642487047	99.11999476576813
S100a4	11	1.6211183915364196	1.1189081389595041	21950070	0.7441175912227627	1.7748802077874305e-266	1.2705544902088068e-264	70.46632124352331	21.88236063857629
S100a6	11	2.5059107366057463	0.9994804022544939	20299907	0.688176297336915	1.3893249985381574e-95	3.290855288173471e-94	84.97409326424871	56.72598796126669
Anp32e	11	1.4051896754085702	1.0170449466449738	24910685.5	0.8444838349020208	0	0	87.15025906735751	32.2494111489139
Txnip	11	0.4166309458033782	-0.816959562743753	7403886.5	0.25099519901607287	1.4129384681728259e-157	5.863331419660628e-156	39.17098445595855	70.98599842973043
H2afz	11	3.3961914256235093	1.6522658297516462	28470172	0.9651520842684211	0	0	99.79274611398964	86.19471342580476
Anp32b	11	2.1561636543354865	1.334644812407362	27220053	0.9227724682115335	0	0	97.61658031088083	58.65283957079298
Smc2	11	1.4758929819959767	1.3789629516849398	27334289.5	0.9266451387410451	0	0	89.53367875647669	8.292986129285527
Txn1	11	2.2165392042577827	1.3860693248454128	26516365	0.8989171174298566	0	0	96.78756476683937	56.01609526302015
Jun	11	0.9133126776347991	-0.9133255410091674	8775626.5	0.29749782359011356	3.925624849743311e-104	1.026225087238565e-102	58.238341968911925	73.42973043705837
Usp1	11	1.0802686319693988	0.8388355827434849	24308180.5	0.8240586349231748	0	0	81.34715025906736	20.714472651138447
Prdx1	11	1.859167314823792	0.9152653039915207	24220901.5	0.8210998361929506	7.16320748086384e-265	5.105168951869517e-263	95.02590673575129	64.12915467155194
Cdca8	11	1.147949879217734	1.1334761931387503	26459713	0.8969965882571499	0	0	80.31088082901555	1.2562156503533106
Clspn	11	0.8400092127728429	0.8337441750369717	24913167	0.8445679589072117	0	0	69.43005181347151	0.49398063334205705
Atpif1	11	1.186496877765675	0.82229215584981	23643200.5	0.8015155033608922	0	0	83.83419689119171	28.693404867835643
Hmgn2	11	2.0300973886535485	1.6481515763025885	27450422.5	0.9305821015034178	0	0	94.4041450777202	30.07393352525517
Stmn1	11	2.4236371764065576	2.3159187359831663	28967799	0.9820218712243357	0	0	97.61658031088083	9.176262758440199
Tyms	11	1.0213768114259072	0.9816110040257546	25426761	0.861979034596103	0	0	75.12953367875647	3.5396493064642764
Cenpa	11	1.1500902944084157	1.0449108321477267	24735395	0.8385414053505783	0	0	74.30051813471502	8.299528919131118
Ywhah	11	1.507380626294857	0.9226093135137575	24247405	0.8219983171808916	3.261979921668215e-302	2.659419741693392e-300	91.60621761658031	44.60874116723371
Hnrnpd	11	1.4876699707014405	0.8097917924173295	23274451	0.7890147236501852	2.4689711835568963e-231	1.52995651940757e-229	89.94818652849742	50.75896362208846
Ran	11	2.3864748725573346	1.4228396012765707	27633941	0.9368034640851688	0	0	98.23834196891191	65.05823082962576
Hmgb1	11	2.659019318180709	1.4364798287643181	27864706	0.9446265050111669	0	0	99.27461139896373	75.34022507197069
Ezh2	11	1.1686044727692355	1.094845774388307	26207136	0.8884341103772037	0	0	82.48704663212435	5.934310389950275
Hnrnpa2b1	11	2.571515439578466	0.8312598011108854	24857594.5	0.8426840252870352	4.843418467496623e-289	3.7861928625454835e-287	99.06735751295336	88.39963360376865
Cdca3	11	1.0128777506206597	1.004186646687487	25802779	0.8747262198404508	0	0	75.5440414507772	0.7916775713164093
Gapdh	11	2.4393726635008206	0.9811052045521518	24697762	0.8372656291316193	1.6419345362204034e-281	1.2621394405208506e-279	97.09844559585493	80.6562418215127
Ncapd2	11	0.8834582581047087	0.8397106226036457	24937055	0.845377773227582	0	0	72.64248704663213	3.9583878565820463
Ube2s	11	2.366038900720308	1.1808226904705483	25805523.5	0.8748192596680737	0	0	98.23834196891191	71.7416906568961
Lig1	11	0.95374895974977	0.9059228396265124	24960866	0.8461849772121071	0	0	72.74611398963731	4.118686207799006
Calm3	11	1.5863544206069007	1.0144343573546668	24803637	0.8408548409186755	0	0	93.3678756476684	43.149699031667105
Hcst	11	0.9668593389795518	-0.9605334612936834	5629375.5	0.190838450043596	1.3885480199739482e-235	8.755717348605257e-234	71.39896373056996	90.18254383669196
Etfb	11	1.346354869464303	0.9285373231957603	23811404	0.8072176803131861	0	0	85.49222797927462	31.40866265375556
Ldha	11	2.095574142745171	0.8957873829394565	23374167	0.7923951424700963	1.3850524659984369e-214	7.900427361264935e-213	94.19689119170984	73.03716304632295
Prc1	11	0.9199029443767908	0.9045535675421632	25088051.5	0.8504966248696527	0	0	71.29533678756476	1.2136875163569747
Rrm1	11	1.1076529086073315	1.0225440786616953	25912853.5	0.8784577966324634	0	0	81.03626943005182	7.625621565035331
Arl6ip1	11	2.320954868286439	1.1389166789498666	23979057.5	0.8129012120094433	1.2900481525628575e-246	8.517219755724306e-245	97.40932642487047	70.75372939021199
Mki67	11	1.7869225883620814	1.7577167726847196	28304461	0.9595344042264389	0	0	92.95336787564766	2.1918345982727034
Hmgb2	11	3.5218814710767585	2.5918479560982406	29296394	0.9931613946922719	0	0	100	59.500130855796904
Klf2	11	1.120212176259804	-0.8187725183769896	8111232.5	0.27497455770062634	2.059877733606676e-126	6.683733932612216e-125	70.05181347150258	81.90918607694321
Junb	11	1.6420858296004224	-1.0748309901147182	6283560.5	0.21301562608057734	3.126284785064299e-203	1.7136180693684363e-201	84.04145077720207	90.78775189740905
Dnmt1	11	1.030382779173845	0.8332964794753992	23951607	0.8119706272806538	0	0	75.75129533678756	17.00143941376603
Spc24	11	0.9750675120233826	0.9675388295844833	26218520	0.888820033276697	0	0	78.3419689119171	0.6706359591729913
H2afx	11	1.5868065398657043	1.2411951656813116	25399953	0.861070230916411	0	0	86.73575129533678	29.027087149960746
Cox5a	11	1.9411712724040833	0.8609033853326353	24102051	0.8170707489155241	1.3564395065043118e-253	9.104500928792454e-252	95.75129533678756	70.12889295995812
Pkm	11	1.8337151488601542	0.9115753701574518	23287206	0.789447124087908	1.3458001991171481e-217	7.80056722235137e-216	93.78238341968913	61.84899241036378
Pclaf	11	2.2687726033600133	2.2576710872845105	29150611.5	0.9882193000774286	0	0	97.82383419689118	0.81784873069877
Rps27l	11	1.3280084321834722	0.9016425751200838	23714589	0.8039356067437518	0	0	83.62694300518135	34.02250719706883
Anxa2	11	1.5359567746520415	1.102761209553054	24134895	0.8181841758051022	0	0	86.01036269430051	27.967155194975135
Ccnb2	11	0.8195991842357775	0.8069088793809064	24231824	0.8214701140276058	0	0	65.28497409326425	0.9356189479193928
Cdk1	11	1.0308934121529563	1.025400625543233	26166405.5	0.8870533274662927	0	0	77.8238341968912	0.4350955247317457
Hsp90b1	11	1.8858387038732762	0.9570627443933387	23606305.5	0.8002647456854878	2.0323924637429467e-234	1.274093023144486e-232	94.81865284974094	61.40081130594085
Tmpo	11	1.4866731660646912	1.2000492971461956	26303126.5	0.8916882330128157	0	0	90.0518134715026	24.63360376864695
Btg1	11	0.8984753358296719	-0.8544420269209648	6509242.5	0.2206663509403311	6.204740424355071e-193	3.2732033431422135e-191	69.63730569948187	87.2971735147867
Nap1l1	11	1.6832038918005954	1.1347652202698655	25528273.5	0.8654203556023231	0	0	92.53886010362694	42.227165663438896
Ppia	11	3.9622972663186378	0.8064336765924107	27725782.5	0.9399169336893334	0	0	99.68911917098445	98.95642501962837
H2afv	11	1.946754805846457	1.2374857290503107	25675234	0.8704023849655503	0	0	95.44041450777202	53.01295472389427
Hnrnpab	11	2.0979451580186	1.186237573584977	26206753	0.888421126498909	0	0	96.58031088082902	62.823868097356716
Hint1	11	2.1184658531744547	0.9341781424871745	24870581	0.8431242736825262	4.127200685432404e-294	3.281937786433132e-292	96.99481865284974	73.96623920439676
Top2a	11	1.985643291200938	1.9169825650712085	28702843	0.9730397394817025	0	0	96.26943005181347	5.482857890604554
Rpl38	11	2.3834526154242	-0.82051768341092	4443491	0.15063641343922934	6.580247050540232e-300	5.311081900667285e-298	97.20207253886011	98.16801884323475
Sumo2	11	2.052543589366054	0.8786374543802724	24336134	0.8250062715861214	2.332698117694314e-264	1.647946580519933e-262	95.5440414507772	73.48861554566868
Tk1	11	0.9637700032682712	0.9470790836585973	25661743	0.8699450337852039	0	0	75.23316062176167	1.42959958126145
Birc5	11	1.730024723532749	1.7177388416977577	28442805	0.9642243302285027	0	0	93.3678756476684	0.8472912850039257
Actg1	11	3.471917258850529	0.8020675109847604	23801066.5	0.8068672342508607	7.000726607821076e-232	4.3465088179519885e-230	99.89637305699482	96.66317717874901
Alyref	11	1.7166085369946216	1.2649776347459445	26603756.5	0.9018797299624518	0	0	93.16062176165804	36.95694844281602
Rrm2	11	1.2408046624760578	1.2296600956496033	26520914.5	0.8990713475977452	0	0	80.41450777202073	0.9977754514524994
Rps29	11	2.7070588198035095	-0.8512256356198451	4814688.5	0.1632201814895322	7.595118348120437e-279	5.796888791230928e-277	98.23834196891191	98.10586233970164
Hist1h1b	11	1.975336438930103	1.965485771408288	27936824	0.9470713387836242	0	0	89.74093264248705	0.6869929337869668
Hist1h2ap	11	1.4507505004657226	1.4307487171373268	25844219.5	0.8761310720818818	0	0	76.16580310880829	1.9006804501439414
Hist1h1d	11	0.938361110507865	0.9222449894774473	24538577.5	0.831869200477861	0	0	67.56476683937824	1.3576288929599583
Hist1h2ae	11	2.409253467292604	2.373338014866907	28536282	0.9673932440440273	0	0	94.09326424870467	3.192881444647998
Hist1h4d	11	0.9369570853213288	0.8635075126143859	24079919	0.816320463812609	0	0	68.49740932642487	6.791415859722585
Hist1h1e	11	1.6747458048422068	1.585375581971526	27254523	0.923941017258049	0	0	88.18652849740933	7.638707144726512
Hist1h2ab	11	0.8520244656986764	0.8488494989831084	24083034.5	0.8164260807129403	0	0	63.523316062176164	0.2551688039780162
Gmnn	11	0.9170906706469987	0.8395831270136616	24798294.5	0.8406737276816285	0	0	74.19689119170985	6.9811567652447
Dek	11	1.7763715486340246	1.2355666555074345	26146524	0.8863793353610332	0	0	94.61139896373058	41.77898455901597
Cks2	11	1.4525856060071611	1.0977140890447785	25071146	0.8499235205497842	0	0	87.15025906735751	28.27139492279508
Rps24	11	3.718607920584626	-0.8841086837734702	3042463	0.103140912031004	0	0	99.27461139896373	99.93457210154409
Gm43305	11	0.9750217847115282	0.8462062944012545	23022634	0.7804780101240351	0	0	64.9740932642487	10.481549332635435
Gzmb	11	1.7852925732408058	1.2856047783453872	23048648	0.7813598968341033	0	0	76.78756476683938	23.845197592253335
Il7r	11	0.16054258159617596	-0.9933061566249471	7087560	0.24027158340938337	7.012168889308443e-179	3.353894408760342e-177	13.8860103626943	60.42920701387071
Sub1	11	2.534553023158647	1.0019282568950143	23396720.5	0.7931597166192286	4.270501746530726e-213	2.427344170541276e-211	98.44559585492227	81.18293640408271
Ly6a	11	1.8829981117413692	1.0197406498882229	21896867.5	0.7423140017058715	1.0489567879637658e-170	4.7697985773817157e-169	82.48704663212435	45.707929861292854
Lgals1	11	2.894312194082767	1.6995303542190328	25065422.5	0.8497294912353737	0	0	94.92227979274611	57.02041350431825
Tuba1b	11	2.3453248558119393	1.7270891474884833	27715511.5	0.9395687420079653	0	0	96.58031088082902	46.074326092645904
Ranbp1	11	1.7279384953180474	1.1561855298620483	25529459	0.8654605446041985	0	0	91.91709844559585	44.64799790630725
Rps28	11	2.4105303708096693	-0.9465427387549625	4718748.5	0.159967770827429	3.2155001450116855e-284	2.4954909178293816e-282	95.75129533678756	97.38942685160953
Ltb	11	0.5044485627288343	-1.0204644839773622	6373395	0.2160610574504409	2.6927695676342604e-201	1.4709994160925905e-199	40.72538860103627	77.97696937974352
Tubb5	11	2.8952280831441	1.6283430343064818	28085256	0.9521032526818658	0	0	99.68911917098445	74.04475268254383
Snrpd1	11	1.3668997729832093	0.9682014804236534	24750682	0.8390596417670008	0	0	86.52849740932642	33.48272703480764
Lmnb1	11	1.5819495980513327	1.4175254730460067	27317813	0.9260865777208853	0	0	91.39896373056995	13.658073802669456
Banf1	11	1.705755813249749	1.0115568453020893	25021178	0.8482295820886212	0	0	92.95336787564766	52.074064381052075
Malat1	11	2.734093106681141	-0.8118049096078823	6161212	0.2088679549747577	6.48657032324363e-209	3.6294440708131816e-207	98.96373056994818	99.4013347291285
Incenp	11	0.9208349380204526	0.862856680013925	24918842	0.8447603440490444	0	0	73.47150259067358	4.965977492802931
Kif11	11	0.9381950584715283	0.9318720110292892	25481040.5	0.8638191349143607	0	0	73.26424870466322	0.47435226380528656
Rbm3	11	2.5956659936838045	0.861636137338138	23896822.5	0.8101134072273081	2.756606198425403e-237	1.7519100613418138e-235	98.23834196891191	86.5643810520806
CAAA01147332.1	11	1.2208954397208807	0.892535393951896	23992230.5	0.813347782841754	0	0	82.69430051813471	26.91703742475792
S100a4	13	1.3332142323407818	0.8176088431057983	16249245.5	0.6577013359768893	1.8737534576487258e-94	2.5205887658412127e-91	51.99004975124378	22.62032607634482
S100a6	13	2.579585898623488	1.0698465885652255	17180516.5	0.6953952818808105	1.6773519605574802e-86	1.6922908764561955e-83	82.08955223880598	56.9494614208077
Gzmb	13	1.423536702095273	0.907648116750617	16794076	0.6797537905189144	9.143325973308256e-115	3.2799142116473008e-111	56.71641791044776	24.647726902925577
Lgals1	13	2.4508220776928233	1.2355322342947477	18458707.5	0.7471310949887874	9.57152022163864e-137	6.18033060711207e-133	83.95522388059702	57.505939015262456
Pdcd1	16	1.3986676615470566	1.2140672335859497	16903014	0.8258743790556515	0	0	74.35897435897436	11.033365727243279
Nr4a2	16	1.6730842893677331	1.0390580592963476	15495388.5	0.7570983704837246	1.409324558326212e-153	3.888892595347159e-151	79.18552036199095	35.14415289925494
Cst7	16	1.7523712595602188	0.9164953416624289	15659546.5	0.7651190634984152	5.052875419353213e-132	1.1407837966001292e-129	82.95625942684767	55.587949465500486
Rps21	16	2.801239287528946	-0.8050776721871147	3379242	0.16510838767741529	5.666170837818644e-192	2.6133189356996417e-189	97.43589743589743	98.837058632977
Sh2d2a	16	2.071945150206202	1.4381313447297386	17729357.5	0.866249185877037	5.84248624989289e-276	5.547784369935057e-273	88.9894419306184	43.56333009394234
Rps27	16	2.873320424715299	-0.980920830784358	2670058	0.13045794630428484	2.6868906579550217e-233	1.770331936573018e-230	97.28506787330316	99.10592808551992
S100a4	16	1.4895264302877473	0.9735437213365643	14366936	0.7019626409782472	1.2453652954369688e-127	2.6626899710716916e-125	61.840120663650076	22.542921930677032
S100a6	16	2.7655901728789236	1.2549591383258007	14974304	0.7316383940633641	2.1569003459021863e-100	3.6268503993464625e-98	89.29110105580695	56.90962099125364
S100a11	16	2.4504549012432064	1.1524286519025522	16756366.5	0.8187092419385337	1.170674658492433e-177	4.446497805815082e-175	95.77677224736048	72.14771622934887
Tox	16	1.5141411010724963	1.10713969344746	16425934.5	0.8025644690110476	6.063839116987561e-255	4.894276147298585e-252	79.78883861236802	25.992873339812117
Jun	16	0.8412731687349612	-0.977977226164782	5979903	0.29217562482868603	1.2999054747012572e-76	1.5372691666934099e-74	41.17647058823529	73.64755425979915
Tnfrsf9	16	1.2857950899779511	1.1882502740944147	16308919	0.7968471393441381	0	0	63.95173453996983	6.624554583738257
Sdf4	16	1.5431568582752682	0.8293595281035147	15360093.5	0.7504879118924738	2.1752162330657428e-120	4.4167834015426105e-118	78.43137254901961	52.704891480401685
Vamp8	16	1.6807778180693298	1.036716017002902	16437447	0.803126965071743	1.5043766564354166e-184	6.147949411774357e-182	84.61538461538461	46.375121477162295
Tmsb10	16	3.4124899923897933	-1.1146010227747274	2389661	0.1167578630963985	9.363717720510027e-251	6.870627877424232e-248	97.5867269984917	99.46873987690314
Lag3	16	2.763466714206509	2.3735901266164006	19086779	0.9325722474582019	0	0	96.22926093514329	17.92031098153547
Ptms	16	1.3722273844949968	1.1290861231115403	16750486.5	0.8184219475335922	0	0	76.47058823529412	15.312601230968578
Cd69	16	0.40868817585050116	-0.9289810609339824	5292089.5	0.25856933738086196	2.1432442930322938e-104	3.6805660638589145e-102	26.69683257918552	67.93002915451895
Pglyrp1	16	2.243620195252928	1.48708049682159	17670253.5	0.8633613885114485	2.8126599679085705e-260	2.3896507122086368e-257	92.3076923076923	47.86524133462909
Nkg7	16	4.252163584781808	1.6131083301290152	18491080	0.9034666369600343	8.872907353069615e-278	9.877993582546639e-275	99.84917043740573	92.91545189504373
Ucp2	16	2.1662366731879716	0.8618412353667169	15891783	0.7764660442931751	2.808233646784926e-133	6.617797320178929e-131	90.79939668174963	75.75963718820861
Arl6ip1	16	2.3831201603329184	1.1912751278341804	17131540	0.8370400663317831	6.102615090851303e-199	2.940640719524393e-196	94.7209653092006	71.0722384191772
Casp3	16	1.0587916900229022	0.8666272045207011	15656144	0.7649528187343313	0	0	63.95173453996983	14.049238743116293
Klf2	16	0.46496104399624794	-1.4800865660970046	3312404	0.16184271022206195	6.42298603211566e-197	3.049501530100795e-194	28.50678733031674	82.68545513443473
Cd3g	16	2.92685126949614	0.9490431471829253	17272390.5	0.8439219643901517	2.044861250647337e-202	1.0315366480804575e-199	98.49170437405732	93.04178814382897
Cd3e	16	2.996030931328469	0.9028793895015639	17524880.5	0.8562585229451977	5.268440613635398e-217	3.0925746402039787e-214	99.09502262443439	94.76514415289925
Anxa2	16	1.4572126871572952	1.011537652822997	15592712	0.7618535570516363	8.258104622029467e-180	3.2122037074966427e-177	72.2473604826546	28.830579850988013
Bcl2a1b	16	1.0681659691591063	0.8084092315217168	15380642.5	0.7514919276623958	2.0658309373155804e-228	1.2826029194467984e-225	65.61085972850678	18.23777129899579
Prf1	16	2.0562517175546238	1.618937571028248	17899304	0.8745527026439391	0	0	87.93363499245852	30.657596371882086
Ifng	16	1.4408215017191748	0.9530731071492119	15171470	0.741271844513141	3.0416942926507525e-161	9.352485736974243e-159	72.09653092006033	26.56300615484289
Havcr2	16	0.9668999852078597	0.8703366180929514	15935866	0.7786199217171607	0	0	61.840120663650076	6.563006154842889
Tcf7	16	0.012071276195002065	-0.9550922130885775	4207813	0.20559202924148903	2.6477193032103155e-160	7.988936234032246e-158	0.603318250377074	59.543245869776484
Ccl5	16	5.944123270050644	2.375321349019274	16571065	0.8096554861260744	5.333270900091493e-168	1.7750994949428234e-165	99.69834087481146	71.59701976028506
Ccl3	16	2.710058567387552	2.3662182824789584	17853694.5	0.872324241051732	0	0	84.16289592760181	14.765144152899254
Ccl4	16	3.2358075841015714	2.4860275870134716	17567034.5	0.8583181502149089	0	0	89.29110105580695	30.275348234531908
Id2	16	2.0292349545407338	0.9611456720098221	15379450	0.7514336625981284	1.763220451633461e-116	3.408716903053071e-114	87.78280542986425	59.290573372206026
Rps29	16	2.5362760462696805	-1.0173488314697008	3135581.5	0.15320323489591198	1.02711965860945e-205	5.436157078394441e-203	93.66515837104072	98.20537738905087
Fos	16	0.9969002046443239	-0.8335913090855541	6197434	0.3028041008833326	1.5189455974321416e-68	1.5276996452678098e-66	52.1870286576169	78.53255587949465
Batf	16	1.231583282722468	0.8863672879303042	15471355	0.7559241034631191	4.73994769405831e-189	2.096290565790035e-186	68.92911010558069	24.9757045675413
Gzmk	16	1.5713130830763729	0.9262339379989964	14643942	0.7154970413073655	1.4445787429184684e-123	3.0284561503326463e-121	74.6606334841629	28.360868156786523
Gzmb	16	1.6435552623811873	1.1282463311022173	15366178.5	0.750785222513914	8.006083000129437e-184	3.230954870739736e-181	72.6998491704374	24.45092322643343
Ctsb	16	1.6068763906625214	1.1336286394538106	16804002.5	0.8210367174953009	9.079483164391208e-237	6.37241552092109e-234	81.2971342383107	35.50372529964367
Il7r	16	0.03945794464942596	-1.1072738727746438	4277262	0.20898527909332232	4.436765505257096e-156	1.2564997748879416e-153	3.167420814479638	60.204081632653065
Sub1	16	2.6232399130150648	1.0827180646131915	16684344.5	0.8151902763547422	2.541115025686824e-171	9.015373472999902e-169	96.22926093514329	81.399416909621
Ly6e	16	1.1539741637713754	-0.8303273933909818	5482807	0.2678877167472606	2.0898243206009396e-93	3.1676046098873865e-91	61.38763197586727	88.73987690314222
Ly6c2	16	0.14832538234712578	-1.308686769602335	5264560.5	0.2572242816540536	3.408991591481398e-113	6.474076090057467e-111	9.803921568627452	54.19825072886297
Il2rb	16	1.9563571500732129	0.9215008534997082	15722729	0.7682061347127374	3.617284739961671e-131	8.054071574459487e-129	89.14027149321268	61.017168772270814
Lgals1	16	2.2496781479245653	1.0244249591921224	14790283	0.7226472029593278	1.3723319671923673e-92	2.0417390581016398e-90	83.55957767722474	57.635244574020085
Tigit	16	2.0287602749889238	1.6103447795736845	17878729	0.8735474165246074	0	0	89.59276018099548	22.67573696145125
Rps28	16	2.315696541217826	-1.0341533393839097	3039386.5	0.14850318637833643	2.834857549015833e-211	1.605673262631161e-208	93.21266968325791	97.42792355037253
Zfp36l2	16	0.6310011842424059	-1.0072349954788353	4730664.5	0.23113834056211008	1.2522625144338317e-125	2.659822057795806e-123	40.57315233785822	79.64690638160026
AW112010	16	3.8875456504128767	1.6462612010016224	18338225	0.8959982039213732	9.616439769554059e-268	8.390993458379806e-265	99.84917043740573	91.31843213475867
Sh2d1a	16	1.5372918637598707	0.8780755286456058	15465579.5	0.7556419148856124	5.8222012438436445e-134	1.3821306408639122e-131	79.63800904977376	44.86232588273404
Rpl36a	16	2.043113058693012	-0.8058497378054117	4056874	0.19821721118239727	2.674487236395774e-156	7.641223046640493e-154	90.64856711915536	94.85260770975057
Rgs1	2	1.0990018933962225	0.8334990686041905	70106207.5	0.6995374890057112	0	0	53.01171221416621	19.282928400186066
Sell	2	0.10109992254755087	-0.9037577741189207	21643710.5	0.2159664234573885	0	0	6.19074177356386	63.12305435288225
Tagln2	2	0.3080241849326218	-0.9355743865146178	22004341.5	0.21956489088550632	0	0	19.715560513106524	73.76462589902314
Vim	2	0.4185429310370496	-0.9432147430668136	25736514.5	0.25680545804861965	0	0	22.86670384829894	69.93595019143378
Rpl35	2	2.37142413470795	-0.9725852923131395	15345520	0.15312148397539435	0	0	90.23982152816508	98.1858517908899
Nr4a2	2	1.602366084640435	1.0679416445705212	73824879.5	0.7366433397724331	0	0	68.04238706079197	31.967653057573266
S100a11	2	2.0556314220098817	0.8274771429336731	73663242	0.7350304798715583	0	0	85.13664249860568	71.04161448456006
Rps20	2	3.3952033324797286	-0.8710880879340728	14042433	0.140118951953733	0	0	98.6893474623536	99.64933624360397
Rplp0	2	3.19208714521476	-0.8257471428598153	16360409.5	0.1632483083717684	0	0	96.98828778583379	99.55630300211114
Tmsb10	2	3.488966322290689	-1.1448887344720688	11370027.5	0.11345301323389778	0	0	96.76519799219186	99.77099509786382
Lag3	2	1.834463569654095	1.5736383530066562	82011504	0.8183315518492686	0	0	73.39654210819855	12.659677246216052
Rps19	2	2.939557858766181	-0.9860758618125325	13345489	0.13316466825870363	0	0	96.62576687116564	99.40959673668014
Nkg7	2	3.9641471405089774	1.4568515981617893	87555241.5	0.873648368273218	0	0	99.49804796430564	92.23530253694493
Arl6ip1	2	1.9944762847935738	0.8773591394016886	76608461.5	0.764418625758649	0	0	85.16452872281093	69.82502594196157
Klf2	2	0.5883249981798473	-1.4956967376871613	16547953	0.1651196648999238	0	0	29.029559397657557	88.28496797509573
Maf	2	0.9593773206408297	0.8364329596114991	70760816	0.7060693383625858	0	0	47.5181260457334	7.714602640712778
Ifng	2	1.224428127161023	0.8085960760637624	69065902.5	0.6891570623152489	0	0	57.27830451756832	23.702007371095288
Tcf7	2	0.10914785134745637	-0.9454532140752867	20928726.5	0.20883213207471374	0	0	6.413831567205801	64.9622499731635
Ccl5	2	6.346631487908204	3.0779139685092294	92340665	0.9213985356035349	0	0	99.58170663692137	68.67284502808889
Ccl3	2	1.3367338566608882	1.064161100539648	70897617	0.7074343733779725	0	0	52.25878416062465	11.600529573836189
Ccl4	2	2.359225613109865	1.7569833012425087	79507935	0.7933503064750621	0	0	77.66313441160067	25.594876015314703
Nme2	2	1.174299278389741	-0.8926774447337693	23693296.5	0.2364177115111783	0	0	61.712214166201896	91.50177120978996
Cd7	2	1.6919171354568865	0.8288273025731597	69386443.5	0.6923555015727623	0	0	69.40881204684885	54.302787419043185
Id2	2	1.955917851086962	0.9789479612028276	74754464	0.7459189692799718	0	0	80.5633017289459	57.23691272766308
Ctla2a	2	1.7524186253095262	0.8367654785362184	68923844.5	0.68773957162281385	0	0	70.1617401003904	49.6690163523813
Gzmk	2	2.1463555578064137	1.6719381694525852	84977915.5	0.8479311568780767	0	0	85.83379810373675	22.08466024975847
Gzmb	2	1.3016336850929067	0.8604555460154613	68495738	0.6834678165712084	0	0	55.77244841048522	21.576555623143808
Il7r	2	0.24537460041550063	-0.9907458598877024	23920983	0.2386896250573575	0	0	12.29782487451199	64.99803198912227
Sub1	2	2.2795747234529684	0.8081980975470582	75289699	0.751259679629023	0	0	88.4829894032348	80.84230865566965
Ly6c2	2	0.11968393015570868	-1.4778799688544761	22471705	0.22422836222280437	0	0	5.939765755716675	59.337317064443404
Tigit	2	1.5211326824195213	1.206008604463759	79000174	0.788283738654302	0	0	71.1377579475739	18.04487064801231
Rps28	2	2.531249973204792	-0.8991042765211401	19215493.5	0.1917370594179633	0	0	91.57836029001673	98.07850574301357
Rps18	2	2.776751667671283	-0.8008628794270831	16757064	0.16720622740387145	0	0	95.00836586726157	98.90149211006548
Gm26917	2	0.616333914942967	-0.8955741061196729	27132678	0.2707367309538246	0	0	33.29615170105968	75.48574086664043
AW112010	2	3.707092281599738	1.6148369125893791	90010009	0.8981426599241082	0	0	99.05186837702176	90.52850037571116
Rpl36a	2	1.9591405093088816	-0.9848816619237428	18603708.5	0.18563251378680276	0	0	83.07306190741774	96.26435753390345
Itga4	3	1.7660019835320468	1.0776520637892824	52318705	0.7741072614893115	0	0	82.18763510592304	39.85284052019165
S100a4	3	2.082882106585115	1.6688425468290429	54319313	0.8037082460739569	0	0	74.01642888024212	19.360027378507873
S100a6	3	3.2367950656838795	1.8343289693681093	56009353	0.8287140682977179	0	0	92.60700389105058	54.818617385352496
S100a11	3	2.5178205588533773	1.2902023875993602	56778565.5	0.8400953320709391	0	0	93.55814958927799	70.98904859685146
S100a10	3	2.636716643099059	1.0772709384449881	55756777.5	0.8249769626368593	0	0	95.28750540423691	82.31690622861055
Rps20	3	3.4169486102678666	-0.8096716272758449	10931523	0.16174275210820724	0	0	99.17855598789451	99.56878850102669
Jun	3	0.9264908001935103	-0.9412385146791372	20269775.5	0.29991148296404013	1.9561291519696517e-230	5.219308237300843e-228	43.79593601383485	75.2737850787132
Pglyrp1	3	1.6604999477517937	0.9417742701036692	50798740	0.7516178679978327	0	0	79.11802853437095	46.39972621492129
Nkg7	3	3.8706622051935624	1.2924973014553913	56647661.5	0.838158477231776	0	0	99.74059662775616	92.5325119780972
Ccl5	3	5.883246943643156	2.443756223258647	55286383.5	0.8180170156893765	0	0	99.69736273238219	70.01026694045174
Gzmk	3	1.8718732054149185	1.3028885696006292	53133755.5	0.7861667440497169	0	0	81.97146562905317	25.16769336071184
Gzmb	3	1.4396208807280149	0.9718788974830924	47863335.5	0.7081856397181304	0	0	61.69476869865975	22.59753593429158
Il7r	3	0.2884438876362493	-0.9011044049401012	17691739.5	0.2617668769769298	0	0	15.348032857760485	62.460643394934976
Sub1	3	2.4104325756235867	0.9142044108365415	52274153.5	0.7734480777488072	0	0	91.69909208819715	80.92060232717317
Lgals1	3	2.498836496536669	1.351153617284267	53236017.5	0.7876798120198515	0	0	88.49978383052313	55.780287474332646
Tigit	3	1.225194849730156	0.8341038600532141	48569889	0.718639801283878	0	0	64.24556852572417	20.90349075975359
Rps28	3	2.5524449289650377	-0.8370611456518979	14225283	0.21047720632688555	0	0	92.65023778642455	97.71047227926078
AW112010	3	3.260172758551887	1.0621880176546026	52865467.5	0.7821971563282616	0	0	97.62213575443147	91.01300479123888
Rpl36a	3	1.9593596021281834	-0.9417378217628958	12298877	0.18197411411203468	0	0	86.98659749243407	95.37987679671458
S100a6	4	0.2364728772015843	-1.3982770324414766	15437402.5	0.23881707890067988	0	0	10.843920145190562	61.10334481230182
Jun	4	0.9616404211114261	-0.8999494153404396	19591297	0.303077951191313	1.2492884721918029e-213	1.3908027008521502e-210	49.45553539019964	74.73149442531283
Fosb	4	0.5633466174899434	-0.9541744939014826	16081384	0.24877949198773117	0	0	35.798548094373864	75.43387091274847
Nkg7	4	1.6732484956918103	-1.0748499898800574	14935016.5	0.23104515243827164	0	0	82.3956442831216	93.86272972143612
Junb	4	1.569444417695089	-1.1983373230399121	14453457.5	0.22359542028946405	0	0	71.09800362976407	92.04541580006136
Ccl5	4	0.7811713356472952	-3.050809550387528	11994829.5	0.18556037151338786	0	0	22.595281306715066	75.91462375123598
Ccl4	4	0.04750760600152316	-0.811244556525042	22198539	0.3434120629971797	3.0316743953140172e-195	2.276223438435187e-192	2.722323049001815	33.67997545091889
H3f3b	4	2.0519182992264686	-0.8214567267028845	13444465	0.20798627610327766	0	0	92.10526315789474	98.17245729482764
Fos	4	0.8319535266640008	-1.0547317436061434	16495645	0.2551881220615065	0	0	45.37205081669691	80.42892700057963
Ctla2a	4	0.17648261725582923	-0.8970270146716742	17543250.5	0.2713946105138408	0	0	11.796733212341199	55.02062804732517
Lgals1	4	0.4164550516262375	-0.8927350201273261	19183422.5	0.2967681204637618	2.2409738945084003e-240	3.2886291901910776e-237	27.450090744101637	60.48961778444543
Dusp1	4	0.4009735926382472	-1.011706254156292	15679085	0.24255591441212124	0	0	27.586206896551722	70.15922806778275
Klra7	6	0.9239146808109135	0.8772504049692659	38266122.5	0.7882782152166089	0	0	60.7516943930992	4.139083918421933
Ccl5	6	4.654160428715921	1.0916005271954914	26763022.5	0.5513155300776019	1.7786327686571416e-12	6.669356438570943e-11	99.75354282193469	70.69207622868606
Ly6c2	6	2.8340020410601685	1.4807182046664757	37895183	0.7806368994022528	0	0	94.88601355514479	51.00635239050485
Jun	7	0.873848371223728	-0.9712246681862501	12872316	0.28465562932271976	4.657553995728245e-179	1.002460871680576e-175	50.53120849933599	74.08998567955507
Fosb	7	0.6238253428671383	-0.8684819690384489	12006378.5	0.2655064735673264	4.4762563433595265e-212	1.4451593604536231e-208	42.430278884462155	74.17990475238952
Junb	7	1.4102442628167349	-1.3376658950683298	8170203.5	0.18067412414263198	0	0	72.57636122177955	91.48433076897459
Nfkbia	7	0.812777653008934	-0.9214814859221013	11290557.5	0.24967696182775917	9.091343087657383e-239	7.337850289625465e-235	55.31208499335989	79.908082725547
Fos	7	0.87328794134101	-0.9868061814438491	11878118.5	0.2626701594947902	4.5730455676699587e-215	1.6404530683580512e-211	52.058432934926955	79.27864921570587
Ly6c2	7	2.861753202728523	1.5040916136298172	35547115	0.7860812608183401	0	0	94.82071713147411	51.180604122956005
Dusp1	7	0.4206619737457493	-0.9675125389378567	11453407.5	0.2532781917257204	3.879145171398906e-238	2.5047640371722737e-234	30.0796812749004	69.0445265927332
Nr4a2	8	1.735458068585709	1.1254853264971296	29582248	0.7605152003815553	1.0763158625361854e-297	1.1582952540660248e-293	75.89424572317263	34.376963004595495
Itga4	8	1.8766953504261046	1.15646137607674	30665567	0.788365706075448	0	0	84.13685847589424	41.207392468674584
Nkg7	8	3.5849392694253015	0.9507412244171647	29318162	0.7537259456498674	2.62657225232953e-209	7.708989560587171e-206	99.61119751166407	92.78275531457665
Ccl5	8	5.732175179505475	2.203286636858669	30301761.5	0.7790128126532708	4.376905346829966e-258	2.826167782448109e-254	99.68895800933126	71.01861341620656
Gzmk	8	1.909262493281285	1.2976295307971206	30537054.5	0.7850618425661895	0	0	83.98133748055989	27.010943234039743
Ly6c2	8	0.32665941999282044	-1.1497257039885738	11079987	0.2848498374271633	5.746114560373575e-168	6.870863280802253e-165	13.996889580093313	54.93437365689159
Ier3	8	1.195668100556975	0.8117696128138641	25443200.5	0.6541065008516455	5.414304635201797e-138	4.263434759694879e-135	48.13374805598756	23.046913743511755
Gm26917	8	0.5809904004560958	-0.8643203156029028	10782005	0.2771891674050576	5.884531010758018e-166	6.422735837942305e-163	34.29237947122862	72.23526300128938
Eef1b2	9	1.8441991266614701	-0.8238205424296494	7144001.5	0.2100931597104691	1.5546330721725205e-238	1.3208244403971005e-235	82.91592128801432	95.22275193161269
Sell	9	0.12305128241892137	-0.8076648457168353	8367594.5	0.24607698748116763	1.5171063498547755e-199	8.163296417510238e-197	7.6923076923076925	58.44813414433667
Rpl12	9	2.3539118572647895	-0.8171660886091354	6431215	0.18913129849249954	6.381965951962231e-274	8.958337859091331e-271	91.68157423971377	97.72809469012
Zeb2	9	1.1514275300934145	1.1077379464169241	26666381.5	0.7842137697451209	0	0	58.94454382826476	3.5969094196942297
Itga4	9	1.8153624394474897	1.0864861601283737	26150433	0.7690405855551572	4.298358238197912e-252	4.476532120007084e-249	80.59033989266547	41.57488081538715
S100a6	9	2.37996959755825	0.873937695167867	22484266	0.6612247334649454	3.555680299840878e-81	7.454229771452126e-79	82.91592128801432	56.65954298865691
S100a10	9	2.523897775825485	0.9179792694270899	26738538.5	0.7863357866743207	8.461591163191056e-234	6.829561767590581e-231	94.09660107334525	82.87029426269933
Rps20	9	3.2541397203858806	-0.9466532195840487	4766778.5	0.14018299922038516	0	0	98.56887298747765	99.57586717080387
Klrd1	9	1.5396143744256867	0.8165123242046498	24682613.5	0.7258744640699306	1.0293047153523788e-165	4.1538878418939437e-163	73.43470483005366	49.42626993259905
Klrk1	9	0.9914625073143619	0.8154061481715812	24312958	0.7150035128251201	0	0	52.146690518783544	12.526713792536578
Rps19	9	2.972639637920324	-0.8717637470987092	5500622	0.16176411166107957	0	0	98.1216457960644	99.12871938188394
Nkg7	9	3.509930887973616	0.8677241664517501	24999779.5	0.7352017867325492	9.556390228553177e-158	3.5462995233199917e-155	99.6422182468694	92.81933256616801
Klf2	9	2.826372002801926	0.9459838720567124	26031542.5	0.7655442143961426	1.0781131077487002e-201	6.215514586369068e-199	95.61717352415027	81.0290974847937
Itgb1	9	1.1954434899906348	0.8121657110560336	23855017.5	0.7015362470911485	9.443136689377097e-174	4.2343287224519385e-171	58.22898032200358	29.570935393720205
Cx3cr1	9	0.851435748496427	0.8116955215725637	24608920.5	0.7237072759445441	0	0	46.95885509838998	2.765083018247575
Ccl5	9	5.818673077686868	2.280793987454152	27080646.5	0.7963966119250193	1.2361710799663869e-254	1.4253494041683857e-251	100	71.16554331744204
Id2	9	1.9564728835948724	0.900087473674416	24868043.5	0.7313276508595908	5.3846669808074574e-163	2.1200484570166923e-160	82.91592128801432	59.04323524576689
Gzma	9	1.970800236968542	1.9042722327418191	26591310.5	0.7820060569398221	0	0	58.497316636851515	3.2155186585566335
Ly6c2	9	2.3184023022512212	0.9215806325073732	22835608	0.6715571152427202	3.0624335968201005e-94	7.433884862656913e-92	79.69588550983899	52.293276343909255
Lgals1	9	2.747062503426458	1.5554173720960711	28308323.5	0.8325005433189124	0	0	94.00715563506262	56.86338977478218
Hspa1b	9	1.362736221922248	0.8336899067142469	21612345	0.6355829922212024	4.9761920194784224e-80	1.0168124009421573e-77	48.211091234347045	29.745191517343418
Gm26917	9	0.6128075092466965	-0.8265595165065589	9823246	0.28888526839660195	1.1102226674534774e-130	3.5843538818735517e-128	33.810375670840784	72.04339963833635
Ahnak	9	2.4016556545025582	1.5612237044948256	29537541	0.8686497782464813	0	0	90.7871198568873	50.43235245766892
Rpl36a	9	1.9444100567266653	-0.9202361718578949	6866448	0.2019307745536771	4.918769871281138e-252	4.962577665447236e-249	83.72093023255815	95.17014630938682
