feature	group	avgExpr	logFC	statistic	auc	pval	padj	pct_in	pct_out
Ccl5	0	0.41990715605426726	-4.142971892981589	14051184.5	0.08031196791733619	0	0	14.542165321458391	89.2019550663326
S100a6	0	0.11957982602602588	-1.835793143598593	27499840.5	0.15718008029628125	0	0	6.234344558864459	72.74818252762148
Nkg7	0	1.5186596770140093	-1.4950065540953426	21748896.5	0.12430956820369596	0	0	82.03451155023657	96.31576785640942
Ctla2a	0	0.11041313645696947	-1.1661508297258791	35409683	0.20239014903398678	0	0	8.335652657946007	64.88684437507702
Lgals1	0	0.35830855484211355	-1.1507191394589942	41648133.5	0.2380470885902135	0	0	25.81408293904815	67.73319094755
Ly6c2	1	2.928940064894895	1.9003240306721887	141716758.5	0.8562510919384568	0	0	99.14311485267588	40.99915598247659
Gzmm	1	1.0478777308236107	0.8779288715566899	127632821	0.7711560968876917	0	0	64.6873120865905	10.497970338812749
Itga4	1	0.08401666886372001	-0.8660845473860986	43472531.5	0.2626605558876367	0	0	7.38123872519543	52.46975603874442
Gm26917	1	2.064080707184635	0.8288730379016127	119513220	0.7220975571924405	0	0	95.3547805171377	64.0930830754391
Hmgb2	11	3.5218814710767585	2.5918479560982406	29296394	0.9931613946922719	0	0	100	59.500130855796904
Hist1h2ae	11	2.409253467292604	2.373338014866907	28536282	0.9673932440440273	0	0	94.09326424870467	3.192881444647998
Stmn1	11	2.4236371764065576	2.3159187359831663	28967799	0.9820218712243357	0	0	97.61658031088083	9.176262758440199
Pclaf	11	2.2687726033600133	2.2576710872845105	29150611.5	0.9882193000774286	0	0	97.82383419689118	0.81784873069877
Hist1h1b	11	1.975336438930103	1.965485771408288	27936824	0.9470713387836242	0	0	89.74093264248705	0.6869929337869668
Lgals1	13	2.4508220776928233	1.2355322342947477	18458707.5	0.7471310949887874	9.57152022163864e-137	6.18033060711207e-133	83.95522388059702	57.505939015262456
Gzmb	13	1.423536702095273	0.907648116750617	16794076	0.6797537905189144	9.143325973308256e-115	3.2799142116473008e-111	56.71641791044776	24.647726902925577
S100a4	13	1.3332142323407818	0.8176088431057983	16249245.5	0.6577013359768893	1.8737534576487258e-94	2.5205887658412127e-91	51.99004975124378	22.62032607634482
S100a6	13	2.579585898623488	1.0698465885652255	17180516.5	0.6953952818808105	1.6773519605574802e-86	1.6922908764561955e-83	82.08955223880598	56.9494614208077
Ccl4	16	3.2358075841015714	2.4860275870134716	17567034.5	0.8583181502149089	0	0	89.29110105580695	30.275348234531908
Lag3	16	2.763466714206509	2.3735901266164006	19086779	0.9325722474582019	0	0	96.22926093514329	17.92031098153547
Ccl3	16	2.710058567387552	2.3662182824789584	17853694.5	0.872324241051732	0	0	84.16289592760181	14.765144152899254
Prf1	16	2.0562517175546238	1.618937571028248	17899304	0.8745527026439391	0	0	87.93363499245852	30.657596371882086
Tigit	16	2.0287602749889238	1.6103447795736845	17878729	0.8735474165246074	0	0	89.59276018099548	22.67573696145125
Ccl5	2	6.346631487908204	3.0779139685092294	92340665	0.9213985356035349	0	0	99.58170663692137	68.67284502808889
Ccl4	2	2.359225613109865	1.7569833012425087	79507935	0.7933503064750621	0	0	77.66313441160067	25.594876015314703
Gzmk	2	2.1463555578064137	1.6719381694525852	84977915.5	0.8479311568780767	0	0	85.83379810373675	22.08466024975847
AW112010	2	3.707092281599738	1.6148369125893791	90010009	0.8981426599241082	0	0	99.05186837702176	90.52850037571116
Lag3	2	1.834463569654095	1.5736383530066562	82011504	0.8183315518492686	0	0	73.39654210819855	12.659677246216052
Ccl5	3	5.883246943643156	2.443756223258647	55286383.5	0.8180170156893765	0	0	99.69736273238219	70.01026694045174
S100a6	3	3.2367950656838795	1.8343289693681093	56009353	0.8287140682977179	0	0	92.60700389105058	54.818617385352496
S100a4	3	2.082882106585115	1.6688425468290429	54319313	0.8037082460739569	0	0	74.01642888024212	19.360027378507873
Lgals1	3	2.498836496536669	1.351153617284267	53236017.5	0.7876798120198515	0	0	88.49978383052313	55.780287474332646
Gzmk	3	1.8718732054149185	1.3028885696006292	53133755.5	0.7861667440497169	0	0	81.97146562905317	25.16769336071184
Ccl5	4	0.7811713356472952	-3.050809550387528	11994829.5	0.18556037151338786	0	0	22.595281306715066	75.91462375123598
S100a6	4	0.2364728772015843	-1.3982770324414766	15437402.5	0.23881707890067988	0	0	10.843920145190562	61.10334481230182
Junb	4	1.569444417695089	-1.1983373230399121	14453457.5	0.22359542028946405	0	0	71.09800362976407	92.04541580006136
Nkg7	4	1.6732484956918103	-1.0748499898800574	14935016.5	0.23104515243827164	0	0	82.3956442831216	93.86272972143612
Fos	4	0.8319535266640008	-1.0547317436061434	16495645	0.2551881220615065	0	0	45.37205081669691	80.42892700057963
Ly6c2	6	2.8340020410601685	1.4807182046664757	37895183	0.7806368994022528	0	0	94.88601355514479	51.00635239050485
Klra7	6	0.9239146808109135	0.8772504049692659	38266122.5	0.7882782152166089	0	0	60.7516943930992	4.139083918421933
Ccl5	6	4.654160428715921	1.0916005271954914	26763022.5	0.5513155300776019	1.7786327686571416e-12	6.669356438570943e-11	99.75354282193469	70.69207622868606
Ly6c2	7	2.861753202728523	1.5040916136298172	35547115	0.7860812608183401	0	0	94.82071713147411	51.180604122956005
Junb	7	1.4102442628167349	-1.3376658950683298	8170203.5	0.18067412414263198	0	0	72.57636122177955	91.48433076897459
Nfkbia	7	0.812777653008934	-0.9214814859221013	11290557.5	0.24967696182775917	9.091343087657383e-239	7.337850289625465e-235	55.31208499335989	79.908082725547
Dusp1	7	0.4206619737457493	-0.9675125389378567	11453407.5	0.2532781917257204	3.879145171398906e-238	2.5047640371722737e-234	30.0796812749004	69.0445265927332
Fos	7	0.87328794134101	-0.9868061814438491	11878118.5	0.2626701594947902	4.5730455676699587e-215	1.6404530683580512e-211	52.058432934926955	79.27864921570587
Gzmk	8	1.909262493281285	1.2976295307971206	30537054.5	0.7850618425661895	0	0	83.98133748055989	27.010943234039743
Itga4	8	1.8766953504261046	1.15646137607674	30665567	0.788365706075448	0	0	84.13685847589424	41.207392468674584
Nr4a2	8	1.735458068585709	1.1254853264971296	29582248	0.7605152003815553	1.0763158625361854e-297	1.1582952540660248e-293	75.89424572317263	34.376963004595495
Ccl5	8	5.732175179505475	2.203286636858669	30301761.5	0.7790128126532708	4.376905346829966e-258	2.826167782448109e-254	99.68895800933126	71.01861341620656
Nkg7	8	3.5849392694253015	0.9507412244171647	29318162	0.7537259456498674	2.62657225232953e-209	7.708989560587171e-206	99.61119751166407	92.78275531457665
Gzma	9	1.970800236968542	1.9042722327418191	26591310.5	0.7820060569398221	0	0	58.497316636851515	3.2155186585566335
Ahnak	9	2.4016556545025582	1.5612237044948256	29537541	0.8686497782464813	0	0	90.7871198568873	50.43235245766892
Lgals1	9	2.747062503426458	1.5554173720960711	28308323.5	0.8325005433189124	0	0	94.00715563506262	56.86338977478218
Zeb2	9	1.1514275300934145	1.1077379464169241	26666381.5	0.7842137697451209	0	0	58.94454382826476	3.5969094196942297
Rps20	9	3.2541397203858806	-0.9466532195840487	4766778.5	0.14018299922038516	0	0	98.56887298747765	99.57586717080387
